{"bookmarks":[{"pageid":273,"title":"代码写一下，共享内存实现服务器","x":-153.74999541789308,"y":-152.99999544024482}]}